specI	size.specI	domain	phylum	class	order	family	genus	species	full_lineage	gtdb_release
specI_v4_00007	14510	Bacteria	Proteobacteria	Gammaproteobacteria	Enterobacterales	Enterobacteriaceae	Klebsiella	Klebsiella pneumoniae	Bacteria;Proteobacteria;Gammaproteobacteria;Enterobacterales;Enterobacteriaceae;Klebsiella;Klebsiella pneumoniae	R220
specI_v4_00008	10891	Bacteria	Firmicutes	Bacilli	Lactobacillales	Enterococcaceae	Enterococcus_B	Enterococcus_B faecium	Bacteria;Firmicutes;Bacilli;Lactobacillales;Enterococcaceae;Enterococcus_B;Enterococcus_B faecium	R220
specI_v4_00010	7652	Bacteria	Proteobacteria	Gammaproteobacteria	Pseudomonadales	Pseudomonadaceae	Pseudomonas	Pseudomonas aeruginosa	Bacteria;Proteobacteria;Gammaproteobacteria;Pseudomonadales;Pseudomonadaceae;Pseudomonas;Pseudomonas aeruginosa	R220
specI_v4_00011	7121	Bacteria	Proteobacteria	Gammaproteobacteria	Pseudomonadales	Moraxellaceae	Acinetobacter	Acinetobacter baumannii	Bacteria;Proteobacteria;Gammaproteobacteria;Pseudomonadales;Moraxellaceae;Acinetobacter;Acinetobacter baumannii	R220
specI_v4_00014	3816	Bacteria	Firmicutes	Bacilli	Lactobacillales	Enterococcaceae	Enterococcus	Enterococcus faecalis	Bacteria;Firmicutes;Bacilli;Lactobacillales;Enterococcaceae;Enterococcus;Enterococcus faecalis	R220
specI_v4_00018	2853	Bacteria	Firmicutes	Bacilli	Staphylococcales	Staphylococcaceae	Staphylococcus	Staphylococcus epidermidis	Bacteria;Firmicutes;Bacilli;Staphylococcales;Staphylococcaceae;Staphylococcus;Staphylococcus epidermidis	R220
specI_v4_00030	1290	Bacteria	Proteobacteria	Gammaproteobacteria	Enterobacterales	Enterobacteriaceae	Klebsiella	Klebsiella pneumoniae	Bacteria;Proteobacteria;Gammaproteobacteria;Enterobacterales;Enterobacteriaceae;Klebsiella;Klebsiella pneumoniae	R220
specI_v4_00047	772	Bacteria	Proteobacteria	Gammaproteobacteria	Enterobacterales	Enterobacteriaceae	Cronobacter	Cronobacter sakazakii	Bacteria;Proteobacteria;Gammaproteobacteria;Enterobacterales;Enterobacteriaceae;Cronobacter;Cronobacter sakazakii	R220
specI_v4_00048	715	Bacteria	Proteobacteria	Gammaproteobacteria	Xanthomonadales	Xanthomonadaceae	Stenotrophomonas	Stenotrophomonas maltophilia	Bacteria;Proteobacteria;Gammaproteobacteria;Xanthomonadales;Xanthomonadaceae;Stenotrophomonas;Stenotrophomonas maltophilia	R220
specI_v4_00051	636	Bacteria	Firmicutes	Bacilli	Lactobacillales	Lactobacillaceae	Lactiplantibacillus	Lactiplantibacillus plantarum	Bacteria;Firmicutes;Bacilli;Lactobacillales;Lactobacillaceae;Lactiplantibacillus;Lactiplantibacillus plantarum	R220
specI_v4_00055	557	Bacteria	Firmicutes	Bacilli	Bacillales	Bacillaceae	Bacillus	Bacillus velezensis	Bacteria;Firmicutes;Bacilli;Bacillales;Bacillaceae;Bacillus;Bacillus velezensis	R220
specI_v4_00056	556	Bacteria	Firmicutes	Bacilli	Bacillales	Bacillaceae	Bacillus	Bacillus subtilis	Bacteria;Firmicutes;Bacilli;Bacillales;Bacillaceae;Bacillus;Bacillus subtilis	R220
specI_v4_00059	512	Bacteria	Proteobacteria	Gammaproteobacteria	Pseudomonadales	Pseudomonadaceae	Pseudomonas	Pseudomonas aeruginosa	Bacteria;Proteobacteria;Gammaproteobacteria;Pseudomonadales;Pseudomonadaceae;Pseudomonas;Pseudomonas aeruginosa	R220
specI_v4_00068	379	Bacteria	Firmicutes	Bacilli	Staphylococcales	Staphylococcaceae	Staphylococcus	Staphylococcus haemolyticus	Bacteria;Firmicutes;Bacilli;Staphylococcales;Staphylococcaceae;Staphylococcus;Staphylococcus haemolyticus	R220
specI_v4_00071	364	Bacteria	Proteobacteria	Gammaproteobacteria	Pseudomonadales	Moraxellaceae	Acinetobacter	Acinetobacter baumannii	Bacteria;Proteobacteria;Gammaproteobacteria;Pseudomonadales;Moraxellaceae;Acinetobacter;Acinetobacter baumannii	R220
specI_v4_00073	361	Bacteria	Proteobacteria	Gammaproteobacteria	Pseudomonadales	Moraxellaceae	Acinetobacter	Acinetobacter pittii	Bacteria;Proteobacteria;Gammaproteobacteria;Pseudomonadales;Moraxellaceae;Acinetobacter;Acinetobacter pittii	R220
specI_v4_00084	305	Bacteria	Actinobacteriota	Actinomycetia	Propionibacteriales	Propionibacteriaceae	Cutibacterium	Cutibacterium acnes	Bacteria;Actinobacteriota;Actinomycetia;Propionibacteriales;Propionibacteriaceae;Cutibacterium;Cutibacterium acnes	R220
specI_v4_00089	283	Bacteria	Firmicutes	Bacilli	Lactobacillales	Lactobacillaceae	Lactobacillus	Lactobacillus delbrueckii	Bacteria;Firmicutes;Bacilli;Lactobacillales;Lactobacillaceae;Lactobacillus;Lactobacillus delbrueckii	R220
specI_v4_00094	270	Bacteria	Firmicutes	Bacilli	Lactobacillales	Enterococcaceae	Enterococcus	Enterococcus faecalis	Bacteria;Firmicutes;Bacilli;Lactobacillales;Enterococcaceae;Enterococcus;Enterococcus faecalis	R220
specI_v4_00097	256	Bacteria	Firmicutes	Bacilli	Lactobacillales	Lactobacillaceae	Lacticaseibacillus	Lacticaseibacillus paracasei	Bacteria;Firmicutes;Bacilli;Lactobacillales;Lactobacillaceae;Lacticaseibacillus;Lacticaseibacillus paracasei	R220
specI_v4_00104	238	Bacteria	Firmicutes	Bacilli	Lactobacillales	Lactobacillaceae	Lacticaseibacillus	Lacticaseibacillus rhamnosus	Bacteria;Firmicutes;Bacilli;Lactobacillales;Lactobacillaceae;Lacticaseibacillus;Lacticaseibacillus rhamnosus	R220
specI_v4_00109	224	Bacteria	Firmicutes	Bacilli	Lactobacillales	Lactobacillaceae	Limosilactobacillus	Limosilactobacillus reuteri	Bacteria;Firmicutes;Bacilli;Lactobacillales;Lactobacillaceae;Limosilactobacillus;Limosilactobacillus reuteri	R220
specI_v4_00110	219	Bacteria	Proteobacteria	Gammaproteobacteria	Enterobacterales	Enterobacteriaceae	Klebsiella	Klebsiella aerogenes	Bacteria;Proteobacteria;Gammaproteobacteria;Enterobacterales;Enterobacteriaceae;Klebsiella;Klebsiella aerogenes	R220
specI_v4_00116	208	Bacteria	Firmicutes	Bacilli	Lactobacillales	Streptococcaceae	Lactococcus	Lactococcus lactis	Bacteria;Firmicutes;Bacilli;Lactobacillales;Streptococcaceae;Lactococcus;Lactococcus lactis	R220
specI_v4_00119	203	Bacteria	Firmicutes	Bacilli	Bacillales	Bacillaceae_H	Priestia	Priestia megaterium	Bacteria;Firmicutes;Bacilli;Bacillales;Bacillaceae_H;Priestia;Priestia megaterium	R220
specI_v4_00120	201	Bacteria	Firmicutes	Bacilli	Lactobacillales	Enterococcaceae	Enterococcus_B	Enterococcus_B hirae	Bacteria;Firmicutes;Bacilli;Lactobacillales;Enterococcaceae;Enterococcus_B;Enterococcus_B hirae	R220
specI_v4_00123	198	Bacteria	Proteobacteria	Gammaproteobacteria	Pseudomonadales	Moraxellaceae	Acinetobacter	Acinetobacter nosocomialis	Bacteria;Proteobacteria;Gammaproteobacteria;Pseudomonadales;Moraxellaceae;Acinetobacter;Acinetobacter nosocomialis	R220
specI_v4_00131	192	Bacteria	Firmicutes	Bacilli	Lactobacillales	Lactobacillaceae	Ligilactobacillus	Ligilactobacillus salivarius	Bacteria;Firmicutes;Bacilli;Lactobacillales;Lactobacillaceae;Ligilactobacillus;Ligilactobacillus salivarius	R220
specI_v4_00139	119	Bacteria	Firmicutes	Bacilli	Lactobacillales	Lactobacillaceae	Pediococcus	Pediococcus acidilactici	Bacteria;Firmicutes;Bacilli;Lactobacillales;Lactobacillaceae;Pediococcus;Pediococcus acidilactici	R220
specI_v4_00141	172	Bacteria	Firmicutes	Bacilli	Staphylococcales	Staphylococcaceae	Staphylococcus	Staphylococcus hominis	Bacteria;Firmicutes;Bacilli;Staphylococcales;Staphylococcaceae;Staphylococcus;Staphylococcus hominis	R220
specI_v4_00143	171	Bacteria	Proteobacteria	Gammaproteobacteria	Enterobacterales	Aeromonadaceae	Aeromonas	Aeromonas caviae	Bacteria;Proteobacteria;Gammaproteobacteria;Enterobacterales;Aeromonadaceae;Aeromonas;Aeromonas caviae	R220
specI_v4_00144	170	Bacteria	Proteobacteria	Gammaproteobacteria	Pseudomonadales	Moraxellaceae	Acinetobacter	Acinetobacter pittii	Bacteria;Proteobacteria;Gammaproteobacteria;Pseudomonadales;Moraxellaceae;Acinetobacter;Acinetobacter pittii	R220
specI_v4_00147	166	Bacteria	Firmicutes	Bacilli	Lactobacillales	Lactobacillaceae	Lactobacillus	Lactobacillus crispatus	Bacteria;Firmicutes;Bacilli;Lactobacillales;Lactobacillaceae;Lactobacillus;Lactobacillus crispatus	R220
specI_v4_00148	168	Bacteria	Firmicutes	Bacilli	Lactobacillales	Streptococcaceae	Streptococcus	Streptococcus thermophilus	Bacteria;Firmicutes;Bacilli;Lactobacillales;Streptococcaceae;Streptococcus;Streptococcus thermophilus	R220
specI_v4_00152	165	Bacteria	Firmicutes	Bacilli	Staphylococcales	Staphylococcaceae	Staphylococcus	Staphylococcus saprophyticus	Bacteria;Firmicutes;Bacilli;Staphylococcales;Staphylococcaceae;Staphylococcus;Staphylococcus saprophyticus	R220
specI_v4_00157	159	Bacteria	Firmicutes	Bacilli	Lactobacillales	Lactobacillaceae	Lactobacillus	Lactobacillus helveticus	Bacteria;Firmicutes;Bacilli;Lactobacillales;Lactobacillaceae;Lactobacillus;Lactobacillus helveticus	R220
specI_v4_00165	143	Bacteria	Proteobacteria	Gammaproteobacteria	Enterobacterales	Enterobacteriaceae	Pantoea	Pantoea ananatis	Bacteria;Proteobacteria;Gammaproteobacteria;Enterobacterales;Enterobacteriaceae;Pantoea;Pantoea ananatis	R220
specI_v4_00172	129	Bacteria	Firmicutes	Bacilli	Lactobacillales	Enterococcaceae	Enterococcus_B	Enterococcus_B durans	Bacteria;Firmicutes;Bacilli;Lactobacillales;Enterococcaceae;Enterococcus_B;Enterococcus_B durans	R220
specI_v4_00174	131	Bacteria	Proteobacteria	Gammaproteobacteria	Pseudomonadales	Moraxellaceae	Acinetobacter	Acinetobacter indicus	Bacteria;Proteobacteria;Gammaproteobacteria;Pseudomonadales;Moraxellaceae;Acinetobacter;Acinetobacter indicus	R220
specI_v4_00176	127	Bacteria	Proteobacteria	Gammaproteobacteria	Enterobacterales	Enterobacteriaceae	Klebsiella	Klebsiella aerogenes	Bacteria;Proteobacteria;Gammaproteobacteria;Enterobacterales;Enterobacteriaceae;Klebsiella;Klebsiella aerogenes	R220
specI_v4_00179	126	Bacteria	Firmicutes	Bacilli	Lactobacillales	Enterococcaceae	Enterococcus_D	Enterococcus_D casseliflavus	Bacteria;Firmicutes;Bacilli;Lactobacillales;Enterococcaceae;Enterococcus_D;Enterococcus_D casseliflavus	R220
specI_v4_00183	125	Bacteria	Firmicutes	Bacilli	Bacillales	Bacillaceae	Bacillus	Bacillus altitudinis	Bacteria;Firmicutes;Bacilli;Bacillales;Bacillaceae;Bacillus;Bacillus altitudinis	R220
specI_v4_00195	114	Bacteria	Proteobacteria	Gammaproteobacteria	Pseudomonadales	Moraxellaceae	Acinetobacter	Acinetobacter nosocomialis	Bacteria;Proteobacteria;Gammaproteobacteria;Pseudomonadales;Moraxellaceae;Acinetobacter;Acinetobacter nosocomialis	R220
specI_v4_00199	93	Bacteria	Firmicutes	Bacilli	Lactobacillales	Lactobacillaceae	Leuconostoc	Leuconostoc mesenteroides	Bacteria;Firmicutes;Bacilli;Lactobacillales;Lactobacillaceae;Leuconostoc;Leuconostoc mesenteroides	R220
specI_v4_00200	108	Bacteria	Firmicutes_A	Clostridia	Clostridiales	Clostridiaceae	Clostridium	Clostridium beijerinckii	Bacteria;Firmicutes_A;Clostridia;Clostridiales;Clostridiaceae;Clostridium;Clostridium beijerinckii	R220
specI_v4_00201	108	Bacteria	Proteobacteria	Gammaproteobacteria	Pseudomonadales	Pseudomonadaceae	Pseudomonas_E	Pseudomonas_E fulva	Bacteria;Proteobacteria;Gammaproteobacteria;Pseudomonadales;Pseudomonadaceae;Pseudomonas_E;Pseudomonas_E fulva	R220
specI_v4_00209	101	Bacteria	Firmicutes	Bacilli	Lactobacillales	Lactobacillaceae	Limosilactobacillus	Limosilactobacillus fermentum	Bacteria;Firmicutes;Bacilli;Lactobacillales;Lactobacillaceae;Limosilactobacillus;Limosilactobacillus fermentum	R220
specI_v4_00220	92	Bacteria	Firmicutes	Bacilli	Staphylococcales	Staphylococcaceae	Staphylococcus	Staphylococcus warneri	Bacteria;Firmicutes;Bacilli;Staphylococcales;Staphylococcaceae;Staphylococcus;Staphylococcus warneri	R220
specI_v4_00234	85	Bacteria	Firmicutes	Bacilli	Lactobacillales	Lactobacillaceae	Weissella	Weissella confusa	Bacteria;Firmicutes;Bacilli;Lactobacillales;Lactobacillaceae;Weissella;Weissella confusa	R220
specI_v4_00235	82	Bacteria	Proteobacteria	Alphaproteobacteria	Rhizobiales	Rhizobiaceae	Agrobacterium	Agrobacterium pusense	Bacteria;Proteobacteria;Alphaproteobacteria;Rhizobiales;Rhizobiaceae;Agrobacterium;Agrobacterium pusense	R220
specI_v4_00236	83	Bacteria	Firmicutes	Bacilli	Lactobacillales	Lactobacillaceae	Levilactobacillus	Levilactobacillus brevis	Bacteria;Firmicutes;Bacilli;Lactobacillales;Lactobacillaceae;Levilactobacillus;Levilactobacillus brevis	R220
specI_v4_00258	70	Bacteria	Proteobacteria	Gammaproteobacteria	Enterobacterales	Enterobacteriaceae	Leclercia	Leclercia adecarboxylata	Bacteria;Proteobacteria;Gammaproteobacteria;Enterobacterales;Enterobacteriaceae;Leclercia;Leclercia adecarboxylata	R220
specI_v4_00261	57	Bacteria	Firmicutes	Bacilli	Lactobacillales	Lactobacillaceae	Pediococcus	Pediococcus pentosaceus	Bacteria;Firmicutes;Bacilli;Lactobacillales;Lactobacillaceae;Pediococcus;Pediococcus pentosaceus	R220
specI_v4_00262	74	Bacteria	Firmicutes	Bacilli	Lactobacillales	Enterococcaceae	Enterococcus_D	Enterococcus_D gallinarum	Bacteria;Firmicutes;Bacilli;Lactobacillales;Enterococcaceae;Enterococcus_D;Enterococcus_D gallinarum	R220
specI_v4_00266	74	Bacteria	Firmicutes	Bacilli	Staphylococcales	Staphylococcaceae	Staphylococcus	Staphylococcus xylosus	Bacteria;Firmicutes;Bacilli;Staphylococcales;Staphylococcaceae;Staphylococcus;Staphylococcus xylosus	R220
specI_v4_00283	70	Bacteria	Firmicutes	Bacilli	Staphylococcales	Staphylococcaceae	Staphylococcus	Staphylococcus lugdunensis	Bacteria;Firmicutes;Bacilli;Staphylococcales;Staphylococcaceae;Staphylococcus;Staphylococcus lugdunensis	R220
specI_v4_00291	69	Bacteria	Proteobacteria	Gammaproteobacteria	Pseudomonadales	Moraxellaceae	Acinetobacter	Acinetobacter junii	Bacteria;Proteobacteria;Gammaproteobacteria;Pseudomonadales;Moraxellaceae;Acinetobacter;Acinetobacter junii	R220
specI_v4_00298	66	Bacteria	Firmicutes	Bacilli	Lactobacillales	Lactobacillaceae	Lactobacillus	Lactobacillus johnsonii	Bacteria;Firmicutes;Bacilli;Lactobacillales;Lactobacillaceae;Lactobacillus;Lactobacillus johnsonii	R220
specI_v4_00300	65	Bacteria	Proteobacteria	Gammaproteobacteria	Enterobacterales	Enterobacteriaceae	Cronobacter	Cronobacter dublinensis	Bacteria;Proteobacteria;Gammaproteobacteria;Enterobacterales;Enterobacteriaceae;Cronobacter;Cronobacter dublinensis	R220
specI_v4_00301	63	Bacteria	Firmicutes	Bacilli	Lactobacillales	Streptococcaceae	Lactococcus	Lactococcus petauri	Bacteria;Firmicutes;Bacilli;Lactobacillales;Streptococcaceae;Lactococcus;Lactococcus petauri	R220
specI_v4_00310	54	Bacteria	Proteobacteria	Gammaproteobacteria	Enterobacterales	Enterobacteriaceae	Citrobacter_A	Citrobacter_A amalonaticus	Bacteria;Proteobacteria;Gammaproteobacteria;Enterobacterales;Enterobacteriaceae;Citrobacter_A;Citrobacter_A amalonaticus	R220
specI_v4_00313	60	Bacteria	Proteobacteria	Gammaproteobacteria	Pseudomonadales	Moraxellaceae	Acinetobacter	Acinetobacter radioresistens	Bacteria;Proteobacteria;Gammaproteobacteria;Pseudomonadales;Moraxellaceae;Acinetobacter;Acinetobacter radioresistens	R220
specI_v4_00316	59	Bacteria	Firmicutes_A	Clostridia	Clostridiales	Clostridiaceae	Clostridium	Clostridium butyricum	Bacteria;Firmicutes_A;Clostridia;Clostridiales;Clostridiaceae;Clostridium;Clostridium butyricum	R220
specI_v4_00337	57	Bacteria	Firmicutes	Bacilli	Lactobacillales	Lactobacillaceae	Lactiplantibacillus	Lactiplantibacillus pentosus	Bacteria;Firmicutes;Bacilli;Lactobacillales;Lactobacillaceae;Lactiplantibacillus;Lactiplantibacillus pentosus	R220
specI_v4_00342	56	Bacteria	Firmicutes_A	Clostridia	Clostridiales	Clostridiaceae	Clostridium	Clostridium saccharobutylicum	Bacteria;Firmicutes_A;Clostridia;Clostridiales;Clostridiaceae;Clostridium;Clostridium saccharobutylicum	R220
specI_v4_00344	54	Bacteria	Firmicutes	Bacilli	Staphylococcales	Staphylococcaceae	Macrococcus_B	Macrococcus_B caseolyticus	Bacteria;Firmicutes;Bacilli;Staphylococcales;Staphylococcaceae;Macrococcus_B;Macrococcus_B caseolyticus	R220
specI_v4_00346	56	Bacteria	Proteobacteria	Gammaproteobacteria	Pseudomonadales	Moraxellaceae	Acinetobacter	Acinetobacter bereziniae	Bacteria;Proteobacteria;Gammaproteobacteria;Pseudomonadales;Moraxellaceae;Acinetobacter;Acinetobacter bereziniae	R220
specI_v4_00366	49	Bacteria	Proteobacteria	Gammaproteobacteria	Pseudomonadales	Moraxellaceae	Moraxella_A	Moraxella_A cinereus	Bacteria;Proteobacteria;Gammaproteobacteria;Pseudomonadales;Moraxellaceae;Moraxella_A;Moraxella_A cinereus	R220
specI_v4_00372	52	Bacteria	Proteobacteria	Gammaproteobacteria	Pseudomonadales	Moraxellaceae	Acinetobacter	Acinetobacter johnsonii	Bacteria;Proteobacteria;Gammaproteobacteria;Pseudomonadales;Moraxellaceae;Acinetobacter;Acinetobacter johnsonii	R220
specI_v4_00382	45	Bacteria	Proteobacteria	Gammaproteobacteria	Enterobacterales	Enterobacteriaceae	Citrobacter_A	Citrobacter_A amalonaticus	Bacteria;Proteobacteria;Gammaproteobacteria;Enterobacterales;Enterobacteriaceae;Citrobacter_A;Citrobacter_A amalonaticus	R220
specI_v4_00384	48	Bacteria	Bacteroidota	Bacteroidia	Sphingobacteriales	Sphingobacteriaceae	Sphingobacterium	Sphingobacterium multivorum	Bacteria;Bacteroidota;Bacteroidia;Sphingobacteriales;Sphingobacteriaceae;Sphingobacterium;Sphingobacterium multivorum	R220
specI_v4_00397	47	Bacteria	Firmicutes	Bacilli	Lactobacillales	Lactobacillaceae	Weissella	Weissella cibaria	Bacteria;Firmicutes;Bacilli;Lactobacillales;Lactobacillaceae;Weissella;Weissella cibaria	R220
specI_v4_00411	44	Bacteria	Firmicutes	Bacilli	Exiguobacterales	Exiguobacteraceae	Exiguobacterium_A	Exiguobacterium_A indicum	Bacteria;Firmicutes;Bacilli;Exiguobacterales;Exiguobacteraceae;Exiguobacterium_A;Exiguobacterium_A indicum	R220
specI_v4_00416	44	Bacteria	Proteobacteria	Gammaproteobacteria	Pseudomonadales	Moraxellaceae	Acinetobacter	Acinetobacter variabilis	Bacteria;Proteobacteria;Gammaproteobacteria;Pseudomonadales;Moraxellaceae;Acinetobacter;Acinetobacter variabilis	R220
specI_v4_00434	42	Bacteria	Firmicutes	Bacilli	Staphylococcales	Staphylococcaceae	Staphylococcus	Staphylococcus arlettae	Bacteria;Firmicutes;Bacilli;Staphylococcales;Staphylococcaceae;Staphylococcus;Staphylococcus arlettae	R220
specI_v4_00446	40	Bacteria	Proteobacteria	Gammaproteobacteria	Pseudomonadales	Moraxellaceae	Acinetobacter	Acinetobacter soli	Bacteria;Proteobacteria;Gammaproteobacteria;Pseudomonadales;Moraxellaceae;Acinetobacter;Acinetobacter soli	R220
specI_v4_00452	37	Bacteria	Proteobacteria	Gammaproteobacteria	Enterobacterales	Enterobacteriaceae	Phytobacter	Phytobacter diazotrophicus	Bacteria;Proteobacteria;Gammaproteobacteria;Enterobacterales;Enterobacteriaceae;Phytobacter;Phytobacter diazotrophicus	R220
specI_v4_00458	40	Bacteria	Proteobacteria	Gammaproteobacteria	Pseudomonadales	Pseudomonadaceae	Pseudomonas_B	Pseudomonas_B oryzihabitans	Bacteria;Proteobacteria;Gammaproteobacteria;Pseudomonadales;Pseudomonadaceae;Pseudomonas_B;Pseudomonas_B oryzihabitans	R220
specI_v4_00466	35	Bacteria	Proteobacteria	Gammaproteobacteria	Enterobacterales	Enterobacteriaceae	Pantoea	Pantoea dispersa	Bacteria;Proteobacteria;Gammaproteobacteria;Enterobacterales;Enterobacteriaceae;Pantoea;Pantoea dispersa	R220
specI_v4_00480	38	Bacteria	Proteobacteria	Gammaproteobacteria	Pseudomonadales	Pseudomonadaceae	Pseudomonas_E	Pseudomonas_E juntendi	Bacteria;Proteobacteria;Gammaproteobacteria;Pseudomonadales;Pseudomonadaceae;Pseudomonas_E;Pseudomonas_E juntendi	R220
specI_v4_00537	33	Bacteria	Firmicutes	Bacilli	Lactobacillales	Lactobacillaceae	Leuconostoc	Leuconostoc citreum	Bacteria;Firmicutes;Bacilli;Lactobacillales;Lactobacillaceae;Leuconostoc;Leuconostoc citreum	R220
specI_v4_00538	31	Bacteria	Proteobacteria	Gammaproteobacteria	Enterobacterales	Enterobacteriaceae	Pantoea	Pantoea stewartii	Bacteria;Proteobacteria;Gammaproteobacteria;Enterobacterales;Enterobacteriaceae;Pantoea;Pantoea stewartii	R220
specI_v4_00556	31	Bacteria	Firmicutes	Bacilli	Lactobacillales	Lactobacillaceae	Lentilactobacillus	Lentilactobacillus parabuchneri	Bacteria;Firmicutes;Bacilli;Lactobacillales;Lactobacillaceae;Lentilactobacillus;Lentilactobacillus parabuchneri	R220
specI_v4_00565	31	Bacteria	Firmicutes	Bacilli	Lactobacillales	Lactobacillaceae	Fructilactobacillus	Fructilactobacillus sanfranciscensis	Bacteria;Firmicutes;Bacilli;Lactobacillales;Lactobacillaceae;Fructilactobacillus;Fructilactobacillus sanfranciscensis	R220
specI_v4_00617	28	Bacteria	Firmicutes	Bacilli	Lactobacillales	Lactobacillaceae	Ligilactobacillus	Ligilactobacillus agilis	Bacteria;Firmicutes;Bacilli;Lactobacillales;Lactobacillaceae;Ligilactobacillus;Ligilactobacillus agilis	R220
specI_v4_00618	28	Bacteria	Firmicutes	Bacilli	Lactobacillales	Lactobacillaceae	Leuconostoc	Leuconostoc lactis	Bacteria;Firmicutes;Bacilli;Lactobacillales;Lactobacillaceae;Leuconostoc;Leuconostoc lactis	R220
specI_v4_00619	25	Bacteria	Proteobacteria	Alphaproteobacteria	Acetobacterales	Acetobacteraceae	Acetobacter	Acetobacter pasteurianus	Bacteria;Proteobacteria;Alphaproteobacteria;Acetobacterales;Acetobacteraceae;Acetobacter;Acetobacter pasteurianus	R220
specI_v4_00628	28	Bacteria	Proteobacteria	Gammaproteobacteria	Enterobacterales	Enterobacteriaceae	Pantoea	Pantoea brenneri	Bacteria;Proteobacteria;Gammaproteobacteria;Enterobacterales;Enterobacteriaceae;Pantoea;Pantoea brenneri	R220
specI_v4_00639	25	Bacteria	Proteobacteria	Gammaproteobacteria	Enterobacterales	Enterobacteriaceae	Pantoea	Pantoea septica	Bacteria;Proteobacteria;Gammaproteobacteria;Enterobacterales;Enterobacteriaceae;Pantoea;Pantoea septica	R220
specI_v4_00682	26	Bacteria	Firmicutes	Bacilli	Lactobacillales	Lactobacillaceae	Latilactobacillus	Latilactobacillus curvatus	Bacteria;Firmicutes;Bacilli;Lactobacillales;Lactobacillaceae;Latilactobacillus;Latilactobacillus curvatus	R220
specI_v4_00683	26	Bacteria	Proteobacteria	Gammaproteobacteria	Enterobacterales	Enterobacteriaceae	Atlantibacter	Atlantibacter hermannii	Bacteria;Proteobacteria;Gammaproteobacteria;Enterobacterales;Enterobacteriaceae;Atlantibacter;Atlantibacter hermannii	R220
specI_v4_00708	24	Bacteria	Proteobacteria	Alphaproteobacteria	Acetobacterales	Acetobacteraceae	Acetobacter	Acetobacter oryzifermentans	Bacteria;Proteobacteria;Alphaproteobacteria;Acetobacterales;Acetobacteraceae;Acetobacter;Acetobacter oryzifermentans	R220
specI_v4_00711	22	Bacteria	Proteobacteria	Alphaproteobacteria	Acetobacterales	Acetobacteraceae	Gluconobacter_A	Gluconobacter_A cerinus	Bacteria;Proteobacteria;Alphaproteobacteria;Acetobacterales;Acetobacteraceae;Gluconobacter_A;Gluconobacter_A cerinus	R220
specI_v4_00712	23	Bacteria	Firmicutes	Bacilli	Lactobacillales	Aerococcaceae	Aerococcus	Aerococcus urinaeequi	Bacteria;Firmicutes;Bacilli;Lactobacillales;Aerococcaceae;Aerococcus;Aerococcus urinaeequi	R220
specI_v4_00726	22	Bacteria	Firmicutes	Bacilli	Lactobacillales	Lactobacillaceae	Lactobacillus	Lactobacillus amylovorus	Bacteria;Firmicutes;Bacilli;Lactobacillales;Lactobacillaceae;Lactobacillus;Lactobacillus amylovorus	R220
specI_v4_00728	17	Bacteria	Proteobacteria	Gammaproteobacteria	Enterobacterales	Enterobacteriaceae	Mixta	Mixta calida	Bacteria;Proteobacteria;Gammaproteobacteria;Enterobacterales;Enterobacteriaceae;Mixta;Mixta calida	R220
specI_v4_00730	23	Bacteria	Proteobacteria	Gammaproteobacteria	Xanthomonadales	Xanthomonadaceae	Stenotrophomonas	Stenotrophomonas maltophilia	Bacteria;Proteobacteria;Gammaproteobacteria;Xanthomonadales;Xanthomonadaceae;Stenotrophomonas;Stenotrophomonas maltophilia	R220
specI_v4_00746	22	Bacteria	Proteobacteria	Gammaproteobacteria	Pseudomonadales	Moraxellaceae	Acinetobacter	Acinetobacter schindleri	Bacteria;Proteobacteria;Gammaproteobacteria;Pseudomonadales;Moraxellaceae;Acinetobacter;Acinetobacter schindleri	R220
specI_v4_00750	23	Bacteria	Firmicutes	Bacilli	Staphylococcales	Staphylococcaceae	Staphylococcus	Staphylococcus gallinarum	Bacteria;Firmicutes;Bacilli;Staphylococcales;Staphylococcaceae;Staphylococcus;Staphylococcus gallinarum	R220
specI_v4_00751	23	Bacteria	Proteobacteria	Gammaproteobacteria	Pseudomonadales	Pseudomonadaceae	Pseudomonas_F	Pseudomonas_F otitidis	Bacteria;Proteobacteria;Gammaproteobacteria;Pseudomonadales;Pseudomonadaceae;Pseudomonas_F;Pseudomonas_F otitidis	R220
specI_v4_00756	23	Bacteria	Firmicutes	Bacilli	Lactobacillales	Lactobacillaceae	Weissella	Weissella paramesenteroides	Bacteria;Firmicutes;Bacilli;Lactobacillales;Lactobacillaceae;Weissella;Weissella paramesenteroides	R220
specI_v4_00764	22	Bacteria	Firmicutes	Bacilli	Staphylococcales	Staphylococcaceae	Staphylococcus	Staphylococcus succinus	Bacteria;Firmicutes;Bacilli;Staphylococcales;Staphylococcaceae;Staphylococcus;Staphylococcus succinus	R220
specI_v4_00799	11	Bacteria	Proteobacteria	Alphaproteobacteria	Acetobacterales	Acetobacteraceae	Gluconobacter	Gluconobacter oxydans	Bacteria;Proteobacteria;Alphaproteobacteria;Acetobacterales;Acetobacteraceae;Gluconobacter;Gluconobacter oxydans	R220
specI_v4_00802	20	Bacteria	Proteobacteria	Gammaproteobacteria	Enterobacterales	Enterobacteriaceae	Kosakonia	Kosakonia cowanii	Bacteria;Proteobacteria;Gammaproteobacteria;Enterobacterales;Enterobacteriaceae;Kosakonia;Kosakonia cowanii	R220
specI_v4_00821	19	Bacteria	Proteobacteria	Gammaproteobacteria	Enterobacterales	Enterobacteriaceae	Pantoea	Pantoea eucrina	Bacteria;Proteobacteria;Gammaproteobacteria;Enterobacterales;Enterobacteriaceae;Pantoea;Pantoea eucrina	R220
specI_v4_00856	19	Bacteria	Firmicutes	Bacilli	Bacillales	Bacillaceae_H	Priestia	Priestia flexa	Bacteria;Firmicutes;Bacilli;Bacillales;Bacillaceae_H;Priestia;Priestia flexa	R220
specI_v4_00924	18	Bacteria	Actinobacteriota	Actinomycetia	Actinomycetales	Micrococcaceae	Kocuria	Kocuria marina	Bacteria;Actinobacteriota;Actinomycetia;Actinomycetales;Micrococcaceae;Kocuria;Kocuria marina	R220
specI_v4_00957	17	Bacteria	Proteobacteria	Gammaproteobacteria	Pseudomonadales	Pseudomonadaceae	Pseudomonas_E	Pseudomonas_E putida_B	Bacteria;Proteobacteria;Gammaproteobacteria;Pseudomonadales;Pseudomonadaceae;Pseudomonas_E;Pseudomonas_E putida_B	R220
specI_v4_01040	16	Bacteria	Actinobacteriota	Actinomycetia	Actinomycetales	Micrococcaceae	Rothia	Rothia kristinae	Bacteria;Actinobacteriota;Actinomycetia;Actinomycetales;Micrococcaceae;Rothia;Rothia kristinae	R220
specI_v4_01041	16	Bacteria	Actinobacteriota	Actinomycetia	Actinomycetales	Dermatophilaceae	Dermacoccus	Dermacoccus nishinomiyaensis	Bacteria;Actinobacteriota;Actinomycetia;Actinomycetales;Dermatophilaceae;Dermacoccus;Dermacoccus nishinomiyaensis	R220
specI_v4_01055	12	Bacteria	Proteobacteria	Alphaproteobacteria	Acetobacterales	Acetobacteraceae	Acetobacter	Acetobacter tropicalis	Bacteria;Proteobacteria;Alphaproteobacteria;Acetobacterales;Acetobacteraceae;Acetobacter;Acetobacter tropicalis	R220
specI_v4_01073	15	Bacteria	Proteobacteria	Gammaproteobacteria	Pseudomonadales	Pseudomonadaceae	Pseudomonas_E	Pseudomonas_E guariconensis	Bacteria;Proteobacteria;Gammaproteobacteria;Pseudomonadales;Pseudomonadaceae;Pseudomonas_E;Pseudomonas_E guariconensis	R220
specI_v4_01079	15	Bacteria	Proteobacteria	Gammaproteobacteria	Enterobacterales	Enterobacteriaceae	Leclercia	Leclercia sp002902985	Bacteria;Proteobacteria;Gammaproteobacteria;Enterobacterales;Enterobacteriaceae;Leclercia;Leclercia sp002902985	R220
specI_v4_01113	15	Bacteria	Firmicutes	Bacilli	Lactobacillales	Lactobacillaceae	Limosilactobacillus	Limosilactobacillus vaginalis	Bacteria;Firmicutes;Bacilli;Lactobacillales;Lactobacillaceae;Limosilactobacillus;Limosilactobacillus vaginalis	R220
specI_v4_01117	15	Bacteria	Proteobacteria	Gammaproteobacteria	Enterobacterales	Enterobacteriaceae	Pantoea	Pantoea anthophila	Bacteria;Proteobacteria;Gammaproteobacteria;Enterobacterales;Enterobacteriaceae;Pantoea;Pantoea anthophila	R220
specI_v4_01237	13	Bacteria	Firmicutes	Bacilli	Staphylococcales	Staphylococcaceae	Staphylococcus	Staphylococcus kloosii	Bacteria;Firmicutes;Bacilli;Staphylococcales;Staphylococcaceae;Staphylococcus;Staphylococcus kloosii	R220
specI_v4_01249	13	Bacteria	Proteobacteria	Gammaproteobacteria	Enterobacterales	Enterobacteriaceae	Pectobacterium	Pectobacterium aroidearum	Bacteria;Proteobacteria;Gammaproteobacteria;Enterobacterales;Enterobacteriaceae;Pectobacterium;Pectobacterium aroidearum	R220
specI_v4_01403	12	Bacteria	Firmicutes	Bacilli	Lactobacillales	Lactobacillaceae	Loigolactobacillus	Loigolactobacillus coryniformis	Bacteria;Firmicutes;Bacilli;Lactobacillales;Lactobacillaceae;Loigolactobacillus;Loigolactobacillus coryniformis	R220
specI_v4_01426	11	Bacteria	Firmicutes	Bacilli	Lactobacillales	Lactobacillaceae	Companilactobacillus	Companilactobacillus paralimentarius	Bacteria;Firmicutes;Bacilli;Lactobacillales;Lactobacillaceae;Companilactobacillus;Companilactobacillus paralimentarius	R220
specI_v4_01459	9	Bacteria	Proteobacteria	Gammaproteobacteria	Enterobacterales	Enterobacteriaceae	Leclercia	Leclercia adecarboxylata	Bacteria;Proteobacteria;Gammaproteobacteria;Enterobacterales;Enterobacteriaceae;Leclercia;Leclercia adecarboxylata	R220
specI_v4_01470	11	Bacteria	Firmicutes	Bacilli	Lactobacillales	Lactobacillaceae	Leuconostoc	Leuconostoc pseudomesenteroides	Bacteria;Firmicutes;Bacilli;Lactobacillales;Lactobacillaceae;Leuconostoc;Leuconostoc pseudomesenteroides	R220
specI_v4_01580	10	Bacteria	Proteobacteria	Gammaproteobacteria	Burkholderiales	Burkholderiaceae	Comamonas	Comamonas kerstersii	Bacteria;Proteobacteria;Gammaproteobacteria;Burkholderiales;Burkholderiaceae;Comamonas;Comamonas kerstersii	R220
specI_v4_01683	10	Bacteria	Firmicutes	Bacilli	Lactobacillales	Lactobacillaceae	Furfurilactobacillus	Furfurilactobacillus rossiae	Bacteria;Firmicutes;Bacilli;Lactobacillales;Lactobacillaceae;Furfurilactobacillus;Furfurilactobacillus rossiae	R220
specI_v4_01833	7	Bacteria	Proteobacteria	Alphaproteobacteria	Acetobacterales	Acetobacteraceae	Acetobacter	Acetobacter cerevisiae	Bacteria;Proteobacteria;Alphaproteobacteria;Acetobacterales;Acetobacteraceae;Acetobacter;Acetobacter cerevisiae	R220
specI_v4_01947	8	Bacteria	Proteobacteria	Alphaproteobacteria	Rhodobacterales	Rhodobacteraceae	Paracoccus	Paracoccus yeei	Bacteria;Proteobacteria;Alphaproteobacteria;Rhodobacterales;Rhodobacteraceae;Paracoccus;Paracoccus yeei	R220
specI_v4_01981	7	Bacteria	Proteobacteria	Gammaproteobacteria	Enterobacterales	Enterobacteriaceae	Enterobacter_D	Enterobacter_D kobei_A	Bacteria;Proteobacteria;Gammaproteobacteria;Enterobacterales;Enterobacteriaceae;Enterobacter_D;Enterobacter_D kobei_A	R220
specI_v4_01987	8	Bacteria	Actinobacteriota	Actinomycetia	Propionibacteriales	Propionibacteriaceae	Acidipropionibacterium	Acidipropionibacterium acidipropionici	Bacteria;Actinobacteriota;Actinomycetia;Propionibacteriales;Propionibacteriaceae;Acidipropionibacterium;Acidipropionibacterium acidipropionici	R220
specI_v4_02079	8	Bacteria	Actinobacteriota	Actinomycetia	Actinomycetales	Microbacteriaceae	Curtobacterium	Curtobacterium citreum	Bacteria;Actinobacteriota;Actinomycetia;Actinomycetales;Microbacteriaceae;Curtobacterium;Curtobacterium citreum	R220
specI_v4_02135	4	Bacteria	Proteobacteria	Alphaproteobacteria	Acetobacterales	Acetobacteraceae	Gluconobacter_A	Gluconobacter_A japonicus	Bacteria;Proteobacteria;Alphaproteobacteria;Acetobacterales;Acetobacteraceae;Gluconobacter_A;Gluconobacter_A japonicus	R220
specI_v4_02161	8	Bacteria	Firmicutes	Bacilli	Lactobacillales	Lactobacillaceae	Limosilactobacillus	Limosilactobacillus oris	Bacteria;Firmicutes;Bacilli;Lactobacillales;Lactobacillaceae;Limosilactobacillus;Limosilactobacillus oris	R220
specI_v4_02179	8	Bacteria	Firmicutes	Bacilli	Lactobacillales	Lactobacillaceae	Lactobacillus	Lactobacillus amylolyticus	Bacteria;Firmicutes;Bacilli;Lactobacillales;Lactobacillaceae;Lactobacillus;Lactobacillus amylolyticus	R220
specI_v4_02227	7	Bacteria	Firmicutes	Bacilli	Lactobacillales	Lactobacillaceae	Ligilactobacillus	Ligilactobacillus acidipiscis	Bacteria;Firmicutes;Bacilli;Lactobacillales;Lactobacillaceae;Ligilactobacillus;Ligilactobacillus acidipiscis	R220
specI_v4_02371	7	Bacteria	Proteobacteria	Gammaproteobacteria	Pseudomonadales	Moraxellaceae	Acinetobacter	Acinetobacter piscicola_A	Bacteria;Proteobacteria;Gammaproteobacteria;Pseudomonadales;Moraxellaceae;Acinetobacter;Acinetobacter piscicola_A	R220
specI_v4_02469	7	Bacteria	Proteobacteria	Alphaproteobacteria	Acetobacterales	Acetobacteraceae	Acetobacter	Acetobacter orientalis	Bacteria;Proteobacteria;Alphaproteobacteria;Acetobacterales;Acetobacteraceae;Acetobacter;Acetobacter orientalis	R220
specI_v4_02515	7	Bacteria	Proteobacteria	Gammaproteobacteria	Pseudomonadales	Pseudomonadaceae	Pseudomonas_E	Pseudomonas_E taiwanensis	Bacteria;Proteobacteria;Gammaproteobacteria;Pseudomonadales;Pseudomonadaceae;Pseudomonas_E;Pseudomonas_E taiwanensis	R220
specI_v4_02617	5	Bacteria	Proteobacteria	Alphaproteobacteria	Acetobacterales	Acetobacteraceae	Acetobacter	Acetobacter fabarum	Bacteria;Proteobacteria;Alphaproteobacteria;Acetobacterales;Acetobacteraceae;Acetobacter;Acetobacter fabarum	R220
specI_v4_02716	6	Bacteria	Proteobacteria	Gammaproteobacteria	Enterobacterales	Enterobacteriaceae	Leclercia	Leclercia sp002902985	Bacteria;Proteobacteria;Gammaproteobacteria;Enterobacterales;Enterobacteriaceae;Leclercia;Leclercia sp002902985	R220
specI_v4_02801	6	Bacteria	Firmicutes	Bacilli	Lactobacillales	Lactobacillaceae	Limosilactobacillus	Limosilactobacillus caviae	Bacteria;Firmicutes;Bacilli;Lactobacillales;Lactobacillaceae;Limosilactobacillus;Limosilactobacillus caviae	R220
specI_v4_02830	6	Bacteria	Proteobacteria	Gammaproteobacteria	Burkholderiales	Burkholderiaceae	Comamonas	Comamonas aquatica	Bacteria;Proteobacteria;Gammaproteobacteria;Burkholderiales;Burkholderiaceae;Comamonas;Comamonas aquatica	R220
specI_v4_02867	6	Bacteria	Proteobacteria	Gammaproteobacteria	Enterobacterales	Enterobacteriaceae	Franconibacter	Franconibacter pulveris	Bacteria;Proteobacteria;Gammaproteobacteria;Enterobacterales;Enterobacteriaceae;Franconibacter;Franconibacter pulveris	R220
specI_v4_02907	6	Bacteria	Firmicutes_A	Clostridia	Clostridiales	Clostridiaceae	Clostridium	Clostridium saccharoperbutylacetonicum	Bacteria;Firmicutes_A;Clostridia;Clostridiales;Clostridiaceae;Clostridium;Clostridium saccharoperbutylacetonicum	R220
specI_v4_02957	6	Bacteria	Proteobacteria	Gammaproteobacteria	Pseudomonadales	Moraxellaceae	Acinetobacter	Acinetobacter gandensis	Bacteria;Proteobacteria;Gammaproteobacteria;Pseudomonadales;Moraxellaceae;Acinetobacter;Acinetobacter gandensis	R220
specI_v4_03077	5	Bacteria	Proteobacteria	Alphaproteobacteria	Acetobacterales	Acetobacteraceae	Acetobacter	Acetobacter syzygii	Bacteria;Proteobacteria;Alphaproteobacteria;Acetobacterales;Acetobacteraceae;Acetobacter;Acetobacter syzygii	R220
specI_v4_03205	5	Bacteria	Firmicutes	Bacilli	Lactobacillales	Lactobacillaceae	Weissella	Weissella thailandensis	Bacteria;Firmicutes;Bacilli;Lactobacillales;Lactobacillaceae;Weissella;Weissella thailandensis	R220
specI_v4_03300	5	Bacteria	Proteobacteria	Alphaproteobacteria	Rhizobiales	Rhizobiaceae	Agrobacterium	Agrobacterium tumefaciens_B	Bacteria;Proteobacteria;Alphaproteobacteria;Rhizobiales;Rhizobiaceae;Agrobacterium;Agrobacterium tumefaciens_B	R220
specI_v4_03339	1	Bacteria	Proteobacteria	Alphaproteobacteria	Sphingomonadales	Sphingomonadaceae	Erythrobacter	Erythrobacter donghaensis_B	Bacteria;Proteobacteria;Alphaproteobacteria;Sphingomonadales;Sphingomonadaceae;Erythrobacter;Erythrobacter donghaensis_B	R220
specI_v4_03349	5	Bacteria	Proteobacteria	Gammaproteobacteria	Burkholderiales	Chromobacteriaceae	Aquitalea	Aquitalea pelogenes	Bacteria;Proteobacteria;Gammaproteobacteria;Burkholderiales;Chromobacteriaceae;Aquitalea;Aquitalea pelogenes	R220
specI_v4_03570	5	Bacteria	Proteobacteria	Gammaproteobacteria	Pseudomonadales	Moraxellaceae	Acinetobacter	Acinetobacter tandoii	Bacteria;Proteobacteria;Gammaproteobacteria;Pseudomonadales;Moraxellaceae;Acinetobacter;Acinetobacter tandoii	R220
specI_v4_03757	5	Bacteria	Firmicutes	Bacilli	Lactobacillales	Enterococcaceae	Enterococcus_G	Enterococcus_G italicus	Bacteria;Firmicutes;Bacilli;Lactobacillales;Enterococcaceae;Enterococcus_G;Enterococcus_G italicus	R220
specI_v4_03765	5	Bacteria	Bacteroidota	Bacteroidia	Flavobacteriales	Weeksellaceae	Empedobacter	Empedobacter brevis	Bacteria;Bacteroidota;Bacteroidia;Flavobacteriales;Weeksellaceae;Empedobacter;Empedobacter brevis	R220
specI_v4_03994	4	Bacteria	Proteobacteria	Alphaproteobacteria	Acetobacterales	Acetobacteraceae	Acetobacter	Acetobacter indonesiensis	Bacteria;Proteobacteria;Alphaproteobacteria;Acetobacterales;Acetobacteraceae;Acetobacter;Acetobacter indonesiensis	R220
specI_v4_04121	4	Bacteria	Actinobacteriota	Actinomycetia	Actinomycetales	Microbacteriaceae	Microbacterium	Microbacterium aurum	Bacteria;Actinobacteriota;Actinomycetia;Actinomycetales;Microbacteriaceae;Microbacterium;Microbacterium aurum	R220
specI_v4_04292	4	Bacteria	Proteobacteria	Alphaproteobacteria	Acetobacterales	Acetobacteraceae	Komagataeibacter	Komagataeibacter saccharivorans	Bacteria;Proteobacteria;Alphaproteobacteria;Acetobacterales;Acetobacteraceae;Komagataeibacter;Komagataeibacter saccharivorans	R220
specI_v4_04295	3	Bacteria	Firmicutes	Bacilli	Lactobacillales	Lactobacillaceae	Pediococcus	Pediococcus parvulus	Bacteria;Firmicutes;Bacilli;Lactobacillales;Lactobacillaceae;Pediococcus;Pediococcus parvulus	R220
specI_v4_04339	4	Bacteria	Proteobacteria	Alphaproteobacteria	Acetobacterales	Acetobacteraceae	Komagataeibacter	Komagataeibacter xylinus	Bacteria;Proteobacteria;Alphaproteobacteria;Acetobacterales;Acetobacteraceae;Komagataeibacter;Komagataeibacter xylinus	R220
specI_v4_04422	4	Bacteria	Firmicutes	Bacilli	Lactobacillales	Lactobacillaceae	Companilactobacillus	Companilactobacillus crustorum	Bacteria;Firmicutes;Bacilli;Lactobacillales;Lactobacillaceae;Companilactobacillus;Companilactobacillus crustorum	R220
specI_v4_04477	4	Bacteria	Actinobacteriota	Actinomycetia	Actinomycetales	Micrococcaceae	Rothia	Rothia terrae	Bacteria;Actinobacteriota;Actinomycetia;Actinomycetales;Micrococcaceae;Rothia;Rothia terrae	R220
specI_v4_04641	4	Bacteria	Firmicutes	Bacilli	Exiguobacterales	Exiguobacteraceae	Exiguobacterium	Exiguobacterium alkaliphilum	Bacteria;Firmicutes;Bacilli;Exiguobacterales;Exiguobacteraceae;Exiguobacterium;Exiguobacterium alkaliphilum	R220
specI_v4_04673	4	Bacteria	Firmicutes	Bacilli	Bacillales_B	Bacillaceae_C	Weizmannia	Weizmannia ginsengihumi	Bacteria;Firmicutes;Bacilli;Bacillales_B;Bacillaceae_C;Weizmannia;Weizmannia ginsengihumi	R220
specI_v4_04779	4	Bacteria	Firmicutes	Bacilli	Lactobacillales	Lactobacillaceae	Levilactobacillus	Levilactobacillus parabrevis	Bacteria;Firmicutes;Bacilli;Lactobacillales;Lactobacillaceae;Levilactobacillus;Levilactobacillus parabrevis	R220
specI_v4_05209	3	Bacteria	Firmicutes	Bacilli	Lactobacillales	Lactobacillaceae	Lacticaseibacillus	Lacticaseibacillus manihotivorans	Bacteria;Firmicutes;Bacilli;Lactobacillales;Lactobacillaceae;Lacticaseibacillus;Lacticaseibacillus manihotivorans	R220
specI_v4_05429	3	Bacteria	Firmicutes	Bacilli	Lactobacillales	Lactobacillaceae	Secundilactobacillus	Secundilactobacillus silagei	Bacteria;Firmicutes;Bacilli;Lactobacillales;Lactobacillaceae;Secundilactobacillus;Secundilactobacillus silagei	R220
specI_v4_06115	2	Bacteria	Firmicutes	Bacilli	Lactobacillales	Lactobacillaceae	Pediococcus	Pediococcus inopinatus	Bacteria;Firmicutes;Bacilli;Lactobacillales;Lactobacillaceae;Pediococcus;Pediococcus inopinatus	R220
specI_v4_06211	3	Bacteria	Firmicutes	Bacilli	Bacillales_A	Planococcaceae	Kurthia	Kurthia gibsonii	Bacteria;Firmicutes;Bacilli;Bacillales_A;Planococcaceae;Kurthia;Kurthia gibsonii	R220
specI_v4_06246	3	Bacteria	Bacteroidota	Bacteroidia	Flavobacteriales	Weeksellaceae	Chryseobacterium	Chryseobacterium bernardetii	Bacteria;Bacteroidota;Bacteroidia;Flavobacteriales;Weeksellaceae;Chryseobacterium;Chryseobacterium bernardetii	R220
specI_v4_06287	3	Bacteria	Firmicutes	Bacilli	Lactobacillales	Lactobacillaceae	Pediococcus	Pediococcus argentinicus	Bacteria;Firmicutes;Bacilli;Lactobacillales;Lactobacillaceae;Pediococcus;Pediococcus argentinicus	R220
specI_v4_06288	3	Bacteria	Firmicutes	Bacilli	Lactobacillales	Lactobacillaceae	Limosilactobacillus	Limosilactobacillus panis	Bacteria;Firmicutes;Bacilli;Lactobacillales;Lactobacillaceae;Limosilactobacillus;Limosilactobacillus panis	R220
specI_v4_06289	3	Bacteria	Firmicutes	Bacilli	Lactobacillales	Lactobacillaceae	Limosilactobacillus	Limosilactobacillus pontis	Bacteria;Firmicutes;Bacilli;Lactobacillales;Lactobacillaceae;Limosilactobacillus;Limosilactobacillus pontis	R220
specI_v4_06293	3	Bacteria	Firmicutes	Bacilli	Lactobacillales	Lactobacillaceae	Lentilactobacillus	Lentilactobacillus diolivorans	Bacteria;Firmicutes;Bacilli;Lactobacillales;Lactobacillaceae;Lentilactobacillus;Lentilactobacillus diolivorans	R220
specI_v4_06387	3	Bacteria	Firmicutes	Bacilli	Lactobacillales	Lactobacillaceae	Lentilactobacillus	Lentilactobacillus senioris	Bacteria;Firmicutes;Bacilli;Lactobacillales;Lactobacillaceae;Lentilactobacillus;Lentilactobacillus senioris	R220
specI_v4_06391	3	Bacteria	Firmicutes	Bacilli	Lactobacillales	Lactobacillaceae	Lacticaseibacillus	Lacticaseibacillus pantheris	Bacteria;Firmicutes;Bacilli;Lactobacillales;Lactobacillaceae;Lacticaseibacillus;Lacticaseibacillus pantheris	R220
specI_v4_06578	3	Bacteria	Firmicutes	Bacilli	Lactobacillales	Lactobacillaceae	Limosilactobacillus	Limosilactobacillus frumenti	Bacteria;Firmicutes;Bacilli;Lactobacillales;Lactobacillaceae;Limosilactobacillus;Limosilactobacillus frumenti	R220
specI_v4_06608	2	Bacteria	Actinobacteriota	Actinomycetia	Actinomycetales	Micrococcaceae	Kocuria	Kocuria subflava	Bacteria;Actinobacteriota;Actinomycetia;Actinomycetales;Micrococcaceae;Kocuria;Kocuria subflava	R220
specI_v4_06624	3	Bacteria	Actinobacteriota	Actinomycetia	Actinomycetales	Bifidobacteriaceae	Bifidobacterium	Bifidobacterium mongoliense	Bacteria;Actinobacteriota;Actinomycetia;Actinomycetales;Bifidobacteriaceae;Bifidobacterium;Bifidobacterium mongoliense	R220
specI_v4_06670	3	Bacteria	Firmicutes	Bacilli	Staphylococcales	Staphylococcaceae	Staphylococcus	Staphylococcus piscifermentans	Bacteria;Firmicutes;Bacilli;Staphylococcales;Staphylococcaceae;Staphylococcus;Staphylococcus piscifermentans	R220
specI_v4_06792	3	Bacteria	Actinobacteriota	Actinomycetia	Mycobacteriales	Mycobacteriaceae	Corynebacterium	Corynebacterium vitaeruminis	Bacteria;Actinobacteriota;Actinomycetia;Mycobacteriales;Mycobacteriaceae;Corynebacterium;Corynebacterium vitaeruminis	R220
specI_v4_07041	3	Bacteria	Actinobacteriota	Actinomycetia	Actinomycetales	Micrococcaceae	Rothia	Rothia koreensis	Bacteria;Actinobacteriota;Actinomycetia;Actinomycetales;Micrococcaceae;Rothia;Rothia koreensis	R220
specI_v4_07111	3	Bacteria	Actinobacteriota	Actinomycetia	Actinomycetales	Micrococcaceae	Micrococcus	Micrococcus endophyticus	Bacteria;Actinobacteriota;Actinomycetia;Actinomycetales;Micrococcaceae;Micrococcus;Micrococcus endophyticus	R220
specI_v4_07559	3	Bacteria	Proteobacteria	Gammaproteobacteria	Enterobacterales	Enterobacteriaceae	Pantoea	Pantoea deleyi	Bacteria;Proteobacteria;Gammaproteobacteria;Enterobacterales;Enterobacteriaceae;Pantoea;Pantoea deleyi	R220
specI_v4_07919	2	Bacteria	Proteobacteria	Gammaproteobacteria	Burkholderiales	Burkholderiaceae	Bordetella	Bordetella sp002261335	Bacteria;Proteobacteria;Gammaproteobacteria;Burkholderiales;Burkholderiaceae;Bordetella;Bordetella sp002261335	R220
specI_v4_08382	2	Bacteria	Proteobacteria	Gammaproteobacteria	Xanthomonadales	Xanthomonadaceae	Xanthomonas_B	Xanthomonas_B massiliensis	Bacteria;Proteobacteria;Gammaproteobacteria;Xanthomonadales;Xanthomonadaceae;Xanthomonas_B;Xanthomonas_B massiliensis	R220
specI_v4_09124	2	Bacteria	Actinobacteriota	Actinomycetia	Actinomycetales	Micrococcaceae	Neomicrococcus	Neomicrococcus aestuarii	Bacteria;Actinobacteriota;Actinomycetia;Actinomycetales;Micrococcaceae;Neomicrococcus;Neomicrococcus aestuarii	R220
specI_v4_09876	2	Bacteria	Proteobacteria	Gammaproteobacteria	Enterobacterales	Enterobacteriaceae	Superficieibacter	Superficieibacter sp900766525	Bacteria;Proteobacteria;Gammaproteobacteria;Enterobacterales;Enterobacteriaceae;Superficieibacter;Superficieibacter sp900766525	R220
specI_v4_10078	2	Bacteria	Firmicutes	Bacilli	Paenibacillales	Paenibacillaceae	Paenibacillus_J	Paenibacillus_J hunanensis	Bacteria;Firmicutes;Bacilli;Paenibacillales;Paenibacillaceae;Paenibacillus_J;Paenibacillus_J hunanensis	R220
specI_v4_10176	2	Bacteria	Proteobacteria	Alphaproteobacteria	Acetobacterales	Acetobacteraceae	Acetobacter	Acetobacter ghanensis	Bacteria;Proteobacteria;Alphaproteobacteria;Acetobacterales;Acetobacteraceae;Acetobacter;Acetobacter ghanensis	R220
specI_v4_10346	2	Bacteria	Firmicutes	Bacilli	Lactobacillales	Lactobacillaceae	Pediococcus	Pediococcus stilesii	Bacteria;Firmicutes;Bacilli;Lactobacillales;Lactobacillaceae;Pediococcus;Pediococcus stilesii	R220
specI_v4_10349	2	Bacteria	Firmicutes	Bacilli	Lactobacillales	Lactobacillaceae	Paucilactobacillus	Paucilactobacillus vaccinostercus	Bacteria;Firmicutes;Bacilli;Lactobacillales;Lactobacillaceae;Paucilactobacillus;Paucilactobacillus vaccinostercus	R220
specI_v4_10351	2	Bacteria	Firmicutes	Bacilli	Lactobacillales	Lactobacillaceae	Companilactobacillus	Companilactobacillus nantensis	Bacteria;Firmicutes;Bacilli;Lactobacillales;Lactobacillaceae;Companilactobacillus;Companilactobacillus nantensis	R220
specI_v4_10353	2	Bacteria	Firmicutes	Bacilli	Lactobacillales	Lactobacillaceae	Loigolactobacillus	Loigolactobacillus bifermentans	Bacteria;Firmicutes;Bacilli;Lactobacillales;Lactobacillaceae;Loigolactobacillus;Loigolactobacillus bifermentans	R220
specI_v4_10644	2	Bacteria	Firmicutes	Bacilli	Lactobacillales	Lactobacillaceae	Leuconostoc	Leuconostoc holzapfelii	Bacteria;Firmicutes;Bacilli;Lactobacillales;Lactobacillaceae;Leuconostoc;Leuconostoc holzapfelii	R220
specI_v4_11254	2	Bacteria	Actinobacteriota	Actinomycetia	Actinomycetales	Microbacteriaceae	Pseudoclavibacter_A	Pseudoclavibacter_A sp008831235	Bacteria;Actinobacteriota;Actinomycetia;Actinomycetales;Microbacteriaceae;Pseudoclavibacter_A;Pseudoclavibacter_A sp008831235	R220
specI_v4_11256	2	Bacteria	Firmicutes	Bacilli	Lactobacillales	Lactobacillaceae	Companilactobacillus	Companilactobacillus heilongjiangensis	Bacteria;Firmicutes;Bacilli;Lactobacillales;Lactobacillaceae;Companilactobacillus;Companilactobacillus heilongjiangensis	R220
specI_v4_11387	2	Bacteria	Firmicutes	Bacilli	Paenibacillales	Paenibacillaceae	Paenibacillus	Paenibacillus graminis	Bacteria;Firmicutes;Bacilli;Paenibacillales;Paenibacillaceae;Paenibacillus;Paenibacillus graminis	R220
specI_v4_11439	2	Bacteria	Proteobacteria	Alphaproteobacteria	Acetobacterales	Acetobacteraceae	Acetobacter	Acetobacter malorum_A	Bacteria;Proteobacteria;Alphaproteobacteria;Acetobacterales;Acetobacteraceae;Acetobacter;Acetobacter malorum_A	R220
specI_v4_11601	2	Bacteria	Bacteroidota	Bacteroidia	Sphingobacteriales	Sphingobacteriaceae	Sphingobacterium	Sphingobacterium thalpophilum	Bacteria;Bacteroidota;Bacteroidia;Sphingobacteriales;Sphingobacteriaceae;Sphingobacterium;Sphingobacterium thalpophilum	R220
specI_v4_11911	2	Bacteria	Firmicutes	Bacilli	Lactobacillales	Lactobacillaceae	Weissella	Weissella bombi	Bacteria;Firmicutes;Bacilli;Lactobacillales;Lactobacillaceae;Weissella;Weissella bombi	R220
specI_v4_12043	2	Bacteria	Firmicutes	Bacilli	Lactobacillales	Enterococcaceae	Enterococcus_F	Enterococcus_F saccharolyticus	Bacteria;Firmicutes;Bacilli;Lactobacillales;Enterococcaceae;Enterococcus_F;Enterococcus_F saccharolyticus	R220
specI_v4_12173	2	Bacteria	Firmicutes	Bacilli	Lactobacillales	Streptococcaceae	Streptococcus	Streptococcus ferus	Bacteria;Firmicutes;Bacilli;Lactobacillales;Streptococcaceae;Streptococcus;Streptococcus ferus	R220
specI_v4_12225	2	Bacteria	Proteobacteria	Gammaproteobacteria	Pseudomonadales	Pseudomonadaceae	Pseudomonas_E	Pseudomonas_E putida_U	Bacteria;Proteobacteria;Gammaproteobacteria;Pseudomonadales;Pseudomonadaceae;Pseudomonas_E;Pseudomonas_E putida_U	R220
specI_v4_12357	2	Bacteria	Bacteroidota	Bacteroidia	Flavobacteriales	Weeksellaceae	Chryseobacterium	Chryseobacterium contaminans	Bacteria;Bacteroidota;Bacteroidia;Flavobacteriales;Weeksellaceae;Chryseobacterium;Chryseobacterium contaminans	R220
specI_v4_12608	2	Bacteria	Firmicutes	Bacilli	Lactobacillales	Lactobacillaceae	Companilactobacillus	Companilactobacillus zhachilii	Bacteria;Firmicutes;Bacilli;Lactobacillales;Lactobacillaceae;Companilactobacillus;Companilactobacillus zhachilii	R220
specI_v4_12631	2	Bacteria	Firmicutes	Bacilli	Lactobacillales	Lactobacillaceae	Companilactobacillus	Companilactobacillus musae	Bacteria;Firmicutes;Bacilli;Lactobacillales;Lactobacillaceae;Companilactobacillus;Companilactobacillus musae	R220
specI_v4_12674	2	Bacteria	Bacteroidota	Bacteroidia	Flavobacteriales	Weeksellaceae	Epilithonimonas	Epilithonimonas bovis	Bacteria;Bacteroidota;Bacteroidia;Flavobacteriales;Weeksellaceae;Epilithonimonas;Epilithonimonas bovis	R220
specI_v4_13279	2	Bacteria	Actinobacteriota	Actinomycetia	Mycobacteriales	Mycobacteriaceae	Corynebacterium	Corynebacterium nuruki	Bacteria;Actinobacteriota;Actinomycetia;Mycobacteriales;Mycobacteriaceae;Corynebacterium;Corynebacterium nuruki	R220
specI_v4_13431	2	Bacteria	Actinobacteriota	Actinomycetia	Actinomycetales	Micrococcaceae	Rothia	Rothia sp002418375	Bacteria;Actinobacteriota;Actinomycetia;Actinomycetales;Micrococcaceae;Rothia;Rothia sp002418375	R220
specI_v4_13501	2	Bacteria	Bacteroidota	Bacteroidia	Chitinophagales	Chitinophagaceae	UBA3961	UBA3961 sp002385265	Bacteria;Bacteroidota;Bacteroidia;Chitinophagales;Chitinophagaceae;UBA3961;UBA3961 sp002385265	R220
specI_v4_13508	2	Bacteria	Actinobacteriota	Actinomycetia	Actinomycetales	Actinomycetaceae	Pauljensenia	Pauljensenia polynesiensis	Bacteria;Actinobacteriota;Actinomycetia;Actinomycetales;Actinomycetaceae;Pauljensenia;Pauljensenia polynesiensis	R220
specI_v4_14528	1	Bacteria	Proteobacteria	Gammaproteobacteria	Enterobacterales	Enterobacteriaceae	Klebsiella	Klebsiella pneumoniae	Bacteria;Proteobacteria;Gammaproteobacteria;Enterobacterales;Enterobacteriaceae;Klebsiella;Klebsiella pneumoniae	R220
specI_v4_15258	1	Bacteria	Proteobacteria	Gammaproteobacteria	Enterobacterales	Enterobacteriaceae	Klebsiella	Klebsiella pneumoniae	Bacteria;Proteobacteria;Gammaproteobacteria;Enterobacterales;Enterobacteriaceae;Klebsiella;Klebsiella pneumoniae	R220
specI_v4_15402	1	Bacteria	Proteobacteria	Gammaproteobacteria	Enterobacterales	Enterobacteriaceae	Klebsiella	Klebsiella pneumoniae	Bacteria;Proteobacteria;Gammaproteobacteria;Enterobacterales;Enterobacteriaceae;Klebsiella;Klebsiella pneumoniae	R220
specI_v4_15582	1	Bacteria	Firmicutes	Bacilli	Lactobacillales	Lactobacillaceae	Limosilactobacillus	Limosilactobacillus timonensis	Bacteria;Firmicutes;Bacilli;Lactobacillales;Lactobacillaceae;Limosilactobacillus;Limosilactobacillus timonensis	R220
specI_v4_15780	1	Bacteria	Actinobacteriota	Actinomycetia	Actinomycetales	Dermabacteraceae	Brachybacterium	Brachybacterium nesterenkovii	Bacteria;Actinobacteriota;Actinomycetia;Actinomycetales;Dermabacteraceae;Brachybacterium;Brachybacterium nesterenkovii	R220
specI_v4_16191	1	Bacteria	Bacteroidota	Bacteroidia	Flavobacteriales	Weeksellaceae	Chryseobacterium	Chryseobacterium taichungense	Bacteria;Bacteroidota;Bacteroidia;Flavobacteriales;Weeksellaceae;Chryseobacterium;Chryseobacterium taichungense	R220
specI_v4_16897	1	Bacteria	Firmicutes	Bacilli	Staphylococcales	Staphylococcaceae	Staphylococcus	Staphylococcus epidermidis	Bacteria;Firmicutes;Bacilli;Staphylococcales;Staphylococcaceae;Staphylococcus;Staphylococcus epidermidis	R220
specI_v4_17108	1	Bacteria	Firmicutes	Bacilli	Bacillales	Bacillaceae_G	Bacillus_A	Bacillus_A thuringiensis	Bacteria;Firmicutes;Bacilli;Bacillales;Bacillaceae_G;Bacillus_A;Bacillus_A thuringiensis	R220
specI_v4_17118	1	Bacteria	Firmicutes	Bacilli	Bacillales	Bacillaceae_G	Bacillus_A	Bacillus_A cereus	Bacteria;Firmicutes;Bacilli;Bacillales;Bacillaceae_G;Bacillus_A;Bacillus_A cereus	R220
specI_v4_17698	1	Bacteria	Proteobacteria	Gammaproteobacteria	Enterobacterales	Aeromonadaceae	Aeromonas	Aeromonas dhakensis	Bacteria;Proteobacteria;Gammaproteobacteria;Enterobacterales;Aeromonadaceae;Aeromonas;Aeromonas dhakensis	R220
specI_v4_17720	1	Bacteria	Proteobacteria	Gammaproteobacteria	Burkholderiales	Burkholderiaceae	Burkholderia	Burkholderia cenocepacia	Bacteria;Proteobacteria;Gammaproteobacteria;Burkholderiales;Burkholderiaceae;Burkholderia;Burkholderia cenocepacia	R220
specI_v4_17755	1	Bacteria	Proteobacteria	Gammaproteobacteria	Enterobacterales	Enterobacteriaceae	Enterobacter	Enterobacter sichuanensis	Bacteria;Proteobacteria;Gammaproteobacteria;Enterobacterales;Enterobacteriaceae;Enterobacter;Enterobacter sichuanensis	R220
specI_v4_17785	1	Bacteria	Proteobacteria	Gammaproteobacteria	Enterobacterales	Enterobacteriaceae	Pantoea	Pantoea latae	Bacteria;Proteobacteria;Gammaproteobacteria;Enterobacterales;Enterobacteriaceae;Pantoea;Pantoea latae	R220
specI_v4_17991	1	Bacteria	Proteobacteria	Gammaproteobacteria	Xanthomonadales	Xanthomonadaceae	Stenotrophomonas	Stenotrophomonas maltophilia	Bacteria;Proteobacteria;Gammaproteobacteria;Xanthomonadales;Xanthomonadaceae;Stenotrophomonas;Stenotrophomonas maltophilia	R220
specI_v4_17992	1	Bacteria	Proteobacteria	Gammaproteobacteria	Xanthomonadales	Xanthomonadaceae	Stenotrophomonas	Stenotrophomonas maltophilia	Bacteria;Proteobacteria;Gammaproteobacteria;Xanthomonadales;Xanthomonadaceae;Stenotrophomonas;Stenotrophomonas maltophilia	R220
specI_v4_18523	1	Bacteria	Proteobacteria	Gammaproteobacteria	Enterobacterales	Enterobacteriaceae	Klebsiella	Klebsiella pneumoniae	Bacteria;Proteobacteria;Gammaproteobacteria;Enterobacterales;Enterobacteriaceae;Klebsiella;Klebsiella pneumoniae	R220
specI_v4_18795	1	Bacteria	Firmicutes	Bacilli	Lactobacillales	Lactobacillaceae	Lacticaseibacillus	Lacticaseibacillus paracasei	Bacteria;Firmicutes;Bacilli;Lactobacillales;Lactobacillaceae;Lacticaseibacillus;Lacticaseibacillus paracasei	R220
specI_v4_19457	1	Bacteria	Firmicutes	Bacilli	Bacillales	Bacillaceae	Bacillus	Bacillus velezensis	Bacteria;Firmicutes;Bacilli;Bacillales;Bacillaceae;Bacillus;Bacillus velezensis	R220
specI_v4_22063	1	Bacteria	Firmicutes	Bacilli	Bacillales	Bacillaceae_G	Bacillus_A	Bacillus_A paranthracis	Bacteria;Firmicutes;Bacilli;Bacillales;Bacillaceae_G;Bacillus_A;Bacillus_A paranthracis	R220
specI_v4_22065	1	Bacteria	Firmicutes	Bacilli	Bacillales	Bacillaceae_G	Bacillus_A	Bacillus_A paranthracis	Bacteria;Firmicutes;Bacilli;Bacillales;Bacillaceae_G;Bacillus_A;Bacillus_A paranthracis	R220
specI_v4_22066	1	Bacteria	Firmicutes	Bacilli	Bacillales	Bacillaceae_G	Bacillus_A	Bacillus_A paranthracis	Bacteria;Firmicutes;Bacilli;Bacillales;Bacillaceae_G;Bacillus_A;Bacillus_A paranthracis	R220
specI_v4_22067	1	Bacteria	Proteobacteria	Gammaproteobacteria	Enterobacterales	Enterobacteriaceae	Klebsiella	Klebsiella aerogenes	Bacteria;Proteobacteria;Gammaproteobacteria;Enterobacterales;Enterobacteriaceae;Klebsiella;Klebsiella aerogenes	R220
specI_v4_22069	1	Bacteria	Proteobacteria	Gammaproteobacteria	Enterobacterales	Enterobacteriaceae	Klebsiella	Klebsiella aerogenes	Bacteria;Proteobacteria;Gammaproteobacteria;Enterobacterales;Enterobacteriaceae;Klebsiella;Klebsiella aerogenes	R220
specI_v4_22139	1	Bacteria	Proteobacteria	Gammaproteobacteria	Enterobacterales	Aeromonadaceae	Aeromonas	Aeromonas dhakensis	Bacteria;Proteobacteria;Gammaproteobacteria;Enterobacterales;Aeromonadaceae;Aeromonas;Aeromonas dhakensis	R220
specI_v4_22140	1	Bacteria	Proteobacteria	Gammaproteobacteria	Enterobacterales	Aeromonadaceae	Aeromonas	Aeromonas dhakensis	Bacteria;Proteobacteria;Gammaproteobacteria;Enterobacterales;Aeromonadaceae;Aeromonas;Aeromonas dhakensis	R220
specI_v4_22141	1	Bacteria	Proteobacteria	Gammaproteobacteria	Enterobacterales	Aeromonadaceae	Aeromonas	Aeromonas dhakensis	Bacteria;Proteobacteria;Gammaproteobacteria;Enterobacterales;Aeromonadaceae;Aeromonas;Aeromonas dhakensis	R220
specI_v4_22144	1	Bacteria	Proteobacteria	Gammaproteobacteria	Enterobacterales	Aeromonadaceae	Aeromonas	Aeromonas dhakensis	Bacteria;Proteobacteria;Gammaproteobacteria;Enterobacterales;Aeromonadaceae;Aeromonas;Aeromonas dhakensis	R220
specI_v4_22145	1	Bacteria	Proteobacteria	Gammaproteobacteria	Enterobacterales	Aeromonadaceae	Aeromonas	Aeromonas dhakensis	Bacteria;Proteobacteria;Gammaproteobacteria;Enterobacterales;Aeromonadaceae;Aeromonas;Aeromonas dhakensis	R220
specI_v4_22147	1	Bacteria	Proteobacteria	Gammaproteobacteria	Enterobacterales	Aeromonadaceae	Aeromonas	Aeromonas dhakensis	Bacteria;Proteobacteria;Gammaproteobacteria;Enterobacterales;Aeromonadaceae;Aeromonas;Aeromonas dhakensis	R220
specI_v4_22188	1	Bacteria	Proteobacteria	Gammaproteobacteria	Pseudomonadales	Moraxellaceae	Acinetobacter	Acinetobacter junii	Bacteria;Proteobacteria;Gammaproteobacteria;Pseudomonadales;Moraxellaceae;Acinetobacter;Acinetobacter junii	R220
specI_v4_22189	1	Bacteria	Proteobacteria	Gammaproteobacteria	Pseudomonadales	Moraxellaceae	Acinetobacter	Acinetobacter junii	Bacteria;Proteobacteria;Gammaproteobacteria;Pseudomonadales;Moraxellaceae;Acinetobacter;Acinetobacter junii	R220
specI_v4_22570	1	Bacteria	Proteobacteria	Gammaproteobacteria	Enterobacterales	Enterobacteriaceae	Escherichia	Escherichia coli	Bacteria;Proteobacteria;Gammaproteobacteria;Enterobacterales;Enterobacteriaceae;Escherichia;Escherichia coli	R220
specI_v4_22571	1	Bacteria	Proteobacteria	Gammaproteobacteria	Enterobacterales	Enterobacteriaceae	Escherichia	Escherichia coli	Bacteria;Proteobacteria;Gammaproteobacteria;Enterobacterales;Enterobacteriaceae;Escherichia;Escherichia coli	R220
specI_v4_23292	1	Bacteria	Firmicutes	Bacilli	Bacillales	Bacillaceae_G	Bacillus_A	Bacillus_A bombysepticus	Bacteria;Firmicutes;Bacilli;Bacillales;Bacillaceae_G;Bacillus_A;Bacillus_A bombysepticus	R220
specI_v4_23686	1	Bacteria	Firmicutes	Bacilli	Bacillales	Bacillaceae	Bacillus	Bacillus subtilis	Bacteria;Firmicutes;Bacilli;Bacillales;Bacillaceae;Bacillus;Bacillus subtilis	R220
specI_v4_24429	1	Bacteria	Firmicutes	Bacilli	Bacillales	Bacillaceae	Bacillus	Bacillus subtilis	Bacteria;Firmicutes;Bacilli;Bacillales;Bacillaceae;Bacillus;Bacillus subtilis	R220
specI_v4_24430	1	Bacteria	Firmicutes	Bacilli	Bacillales	Bacillaceae	Bacillus	Bacillus subtilis	Bacteria;Firmicutes;Bacilli;Bacillales;Bacillaceae;Bacillus;Bacillus subtilis	R220
specI_v4_24433	1	Bacteria	Firmicutes	Bacilli	Bacillales	Bacillaceae	Bacillus	Bacillus subtilis	Bacteria;Firmicutes;Bacilli;Bacillales;Bacillaceae;Bacillus;Bacillus subtilis	R220
specI_v4_24696	1	Bacteria	Proteobacteria	Gammaproteobacteria	Enterobacterales	Enterobacteriaceae	Klebsiella	Klebsiella pneumoniae	Bacteria;Proteobacteria;Gammaproteobacteria;Enterobacterales;Enterobacteriaceae;Klebsiella;Klebsiella pneumoniae	R220
specI_v4_24978	1	Bacteria	Firmicutes	Bacilli	Lactobacillales	Enterococcaceae	Enterococcus	Enterococcus faecalis	Bacteria;Firmicutes;Bacilli;Lactobacillales;Enterococcaceae;Enterococcus;Enterococcus faecalis	R220
specI_v4_25033	1	Bacteria	Proteobacteria	Gammaproteobacteria	Enterobacterales	Enterobacteriaceae	Klebsiella	Klebsiella quasivariicola	Bacteria;Proteobacteria;Gammaproteobacteria;Enterobacterales;Enterobacteriaceae;Klebsiella;Klebsiella quasivariicola	R220
specI_v4_25034	1	Bacteria	Proteobacteria	Gammaproteobacteria	Pseudomonadales	Moraxellaceae	Acinetobacter	Acinetobacter baumannii	Bacteria;Proteobacteria;Gammaproteobacteria;Pseudomonadales;Moraxellaceae;Acinetobacter;Acinetobacter baumannii	R220
specI_v4_25037	1	Bacteria	Proteobacteria	Gammaproteobacteria	Enterobacterales	Enterobacteriaceae	Klebsiella	Klebsiella quasivariicola	Bacteria;Proteobacteria;Gammaproteobacteria;Enterobacterales;Enterobacteriaceae;Klebsiella;Klebsiella quasivariicola	R220
specI_v4_25096	1	Bacteria	Firmicutes	Bacilli	Bacillales	Bacillaceae_G	Bacillus_A	Bacillus_A anthracis	Bacteria;Firmicutes;Bacilli;Bacillales;Bacillaceae_G;Bacillus_A;Bacillus_A anthracis	R220
specI_v4_25147	1	Bacteria	Firmicutes	Bacilli	Lactobacillales	Lactobacillaceae	Limosilactobacillus	Limosilactobacillus fermentum	Bacteria;Firmicutes;Bacilli;Lactobacillales;Lactobacillaceae;Limosilactobacillus;Limosilactobacillus fermentum	R220
specI_v4_25958	1	Bacteria	Proteobacteria	Gammaproteobacteria	Pseudomonadales	Moraxellaceae	Acinetobacter	Acinetobacter baumannii	Bacteria;Proteobacteria;Gammaproteobacteria;Pseudomonadales;Moraxellaceae;Acinetobacter;Acinetobacter baumannii	R220
specI_v4_26253	1	Bacteria	Actinobacteriota	Actinomycetia	Actinomycetales	Micrococcaceae	Rothia	Rothia aerolata	Bacteria;Actinobacteriota;Actinomycetia;Actinomycetales;Micrococcaceae;Rothia;Rothia aerolata	R220
specI_v4_26681	1	Bacteria	Proteobacteria	Gammaproteobacteria	Enterobacterales	Enterobacteriaceae	Escherichia	Escherichia coli	Bacteria;Proteobacteria;Gammaproteobacteria;Enterobacterales;Enterobacteriaceae;Escherichia;Escherichia coli	R220
specI_v4_26683	1	Bacteria	Proteobacteria	Gammaproteobacteria	Enterobacterales	Enterobacteriaceae	Escherichia	Escherichia coli	Bacteria;Proteobacteria;Gammaproteobacteria;Enterobacterales;Enterobacteriaceae;Escherichia;Escherichia coli	R220
specI_v4_26777	1	Bacteria	Actinobacteriota	Actinomycetia	Actinomycetales	Micrococcaceae	Neomicrococcus	Neomicrococcus lactis	Bacteria;Actinobacteriota;Actinomycetia;Actinomycetales;Micrococcaceae;Neomicrococcus;Neomicrococcus lactis	R220
specI_v4_27205	1	Bacteria	Firmicutes	Bacilli	Lactobacillales	Lactobacillaceae	Lactiplantibacillus	Lactiplantibacillus xiangfangensis	Bacteria;Firmicutes;Bacilli;Lactobacillales;Lactobacillaceae;Lactiplantibacillus;Lactiplantibacillus xiangfangensis	R220
specI_v4_27235	1	Bacteria	Firmicutes	Bacilli	Lactobacillales	Lactobacillaceae	Schleiferilactobacillus	Schleiferilactobacillus perolens	Bacteria;Firmicutes;Bacilli;Lactobacillales;Lactobacillaceae;Schleiferilactobacillus;Schleiferilactobacillus perolens	R220
specI_v4_27237	1	Bacteria	Firmicutes	Bacilli	Lactobacillales	Lactobacillaceae	Lactobacillus	Lactobacillus johnsonii	Bacteria;Firmicutes;Bacilli;Lactobacillales;Lactobacillaceae;Lactobacillus;Lactobacillus johnsonii	R220
specI_v4_27244	1	Bacteria	Firmicutes	Bacilli	Lactobacillales	Lactobacillaceae	Levilactobacillus	Levilactobacillus hammesii	Bacteria;Firmicutes;Bacilli;Lactobacillales;Lactobacillaceae;Levilactobacillus;Levilactobacillus hammesii	R220
specI_v4_27770	1	Bacteria	Actinobacteriota	Actinomycetia	Actinomycetales	Microbacteriaceae	Curtobacterium	Curtobacterium citreum	Bacteria;Actinobacteriota;Actinomycetia;Actinomycetales;Microbacteriaceae;Curtobacterium;Curtobacterium citreum	R220
specI_v4_27771	1	Bacteria	Actinobacteriota	Actinomycetia	Actinomycetales	Microbacteriaceae	Curtobacterium	Curtobacterium citreum	Bacteria;Actinobacteriota;Actinomycetia;Actinomycetales;Microbacteriaceae;Curtobacterium;Curtobacterium citreum	R220
specI_v4_27778	1	Bacteria	Proteobacteria	Gammaproteobacteria	Pseudomonadales	Pseudomonadaceae	Pseudomonas	Pseudomonas aeruginosa	Bacteria;Proteobacteria;Gammaproteobacteria;Pseudomonadales;Pseudomonadaceae;Pseudomonas;Pseudomonas aeruginosa	R220
specI_v4_27779	1	Bacteria	Firmicutes	Bacilli	Staphylococcales	Staphylococcaceae	Staphylococcus	Staphylococcus hominis	Bacteria;Firmicutes;Bacilli;Staphylococcales;Staphylococcaceae;Staphylococcus;Staphylococcus hominis	R220
specI_v4_28120	1	Bacteria	Firmicutes	Bacilli	Bacillales	Bacillaceae_H	Priestia	Priestia megaterium	Bacteria;Firmicutes;Bacilli;Bacillales;Bacillaceae_H;Priestia;Priestia megaterium	R220
specI_v4_28356	1	Bacteria	Firmicutes	Bacilli	Staphylococcales	Staphylococcaceae	Staphylococcus	Staphylococcus haemolyticus	Bacteria;Firmicutes;Bacilli;Staphylococcales;Staphylococcaceae;Staphylococcus;Staphylococcus haemolyticus	R220
specI_v4_29552	1	Bacteria	Firmicutes	Bacilli	Bacillales	Bacillaceae_G	Bacillus_A	Bacillus_A bombysepticus	Bacteria;Firmicutes;Bacilli;Bacillales;Bacillaceae_G;Bacillus_A;Bacillus_A bombysepticus	R220
specI_v4_30111	1	Bacteria	Proteobacteria	Gammaproteobacteria	Enterobacterales	Enterobacteriaceae	Escherichia	Escherichia coli	Bacteria;Proteobacteria;Gammaproteobacteria;Enterobacterales;Enterobacteriaceae;Escherichia;Escherichia coli	R220
specI_v4_30220	1	Bacteria	Proteobacteria	Gammaproteobacteria	Xanthomonadales	Xanthomonadaceae	Pseudoxanthomonas	Pseudoxanthomonas kaohsiungensis	Bacteria;Proteobacteria;Gammaproteobacteria;Xanthomonadales;Xanthomonadaceae;Pseudoxanthomonas;Pseudoxanthomonas kaohsiungensis	R220
specI_v4_30317	1	Bacteria	Firmicutes	Bacilli	Bacillales	Bacillaceae	Bacillus	Bacillus subtilis	Bacteria;Firmicutes;Bacilli;Bacillales;Bacillaceae;Bacillus;Bacillus subtilis	R220
specI_v4_30319	1	Bacteria	Proteobacteria	Gammaproteobacteria	Enterobacterales	Enterobacteriaceae	Klebsiella	Klebsiella aerogenes	Bacteria;Proteobacteria;Gammaproteobacteria;Enterobacterales;Enterobacteriaceae;Klebsiella;Klebsiella aerogenes	R220
specI_v4_30335	1	Bacteria	Firmicutes	Bacilli	Bacillales	Bacillaceae	Bacillus	Bacillus safensis	Bacteria;Firmicutes;Bacilli;Bacillales;Bacillaceae;Bacillus;Bacillus safensis	R220
specI_v4_30376	1	Bacteria	Firmicutes_A	Clostridia	Clostridiales	Clostridiaceae	Clostridium	Clostridium sp009928485	Bacteria;Firmicutes_A;Clostridia;Clostridiales;Clostridiaceae;Clostridium;Clostridium sp009928485	R220
specI_v4_31331	1	Bacteria	Proteobacteria	Gammaproteobacteria	Enterobacterales	Enterobacteriaceae	Escherichia	Escherichia coli	Bacteria;Proteobacteria;Gammaproteobacteria;Enterobacterales;Enterobacteriaceae;Escherichia;Escherichia coli	R220
specI_v4_31745	1	Bacteria	Proteobacteria	Gammaproteobacteria	Pseudomonadales	Moraxellaceae	Acinetobacter	Acinetobacter sp000805455	Bacteria;Proteobacteria;Gammaproteobacteria;Pseudomonadales;Moraxellaceae;Acinetobacter;Acinetobacter sp000805455	R220
specI_v4_31815	1	Bacteria	Proteobacteria	Gammaproteobacteria	Enterobacterales	Enterobacteriaceae	Klebsiella	Klebsiella pneumoniae	Bacteria;Proteobacteria;Gammaproteobacteria;Enterobacterales;Enterobacteriaceae;Klebsiella;Klebsiella pneumoniae	R220
specI_v4_31816	1	Bacteria	Proteobacteria	Gammaproteobacteria	Enterobacterales	Enterobacteriaceae	Klebsiella	Klebsiella pneumoniae	Bacteria;Proteobacteria;Gammaproteobacteria;Enterobacterales;Enterobacteriaceae;Klebsiella;Klebsiella pneumoniae	R220
specI_v4_32298	1	Bacteria	Firmicutes	Bacilli	Lactobacillales	Streptococcaceae	Lactococcus	Lactococcus lactis	Bacteria;Firmicutes;Bacilli;Lactobacillales;Streptococcaceae;Lactococcus;Lactococcus lactis	R220
specI_v4_32514	1	Bacteria	Proteobacteria	Gammaproteobacteria	Enterobacterales	Enterobacteriaceae	Escherichia	Escherichia coli	Bacteria;Proteobacteria;Gammaproteobacteria;Enterobacterales;Enterobacteriaceae;Escherichia;Escherichia coli	R220
specI_v4_32718	1	Bacteria	Proteobacteria	Gammaproteobacteria	Enterobacterales	Enterobacteriaceae	Siccibacter	Siccibacter colletis	Bacteria;Proteobacteria;Gammaproteobacteria;Enterobacterales;Enterobacteriaceae;Siccibacter;Siccibacter colletis	R220
specI_v4_32735	1	Bacteria	Proteobacteria	Gammaproteobacteria	Pseudomonadales	Pseudomonadaceae	Pseudomonas_E	Pseudomonas_E asiatica	Bacteria;Proteobacteria;Gammaproteobacteria;Pseudomonadales;Pseudomonadaceae;Pseudomonas_E;Pseudomonas_E asiatica	R220
specI_v4_33208	1	Bacteria	Firmicutes	Bacilli	Lactobacillales	Lactobacillaceae	Pediococcus	Pediococcus acidilactici_A	Bacteria;Firmicutes;Bacilli;Lactobacillales;Lactobacillaceae;Pediococcus;Pediococcus acidilactici_A	R220
specI_v4_33277	1	Bacteria	Proteobacteria	Gammaproteobacteria	Pseudomonadales	Moraxellaceae	Acinetobacter	Acinetobacter baumannii	Bacteria;Proteobacteria;Gammaproteobacteria;Pseudomonadales;Moraxellaceae;Acinetobacter;Acinetobacter baumannii	R220
specI_v4_33967	1	Bacteria	Proteobacteria	Gammaproteobacteria	Pseudomonadales	Pseudomonadaceae	Pseudomonas	Pseudomonas aeruginosa	Bacteria;Proteobacteria;Gammaproteobacteria;Pseudomonadales;Pseudomonadaceae;Pseudomonas;Pseudomonas aeruginosa	R220
specI_v4_35706	1	Bacteria	Proteobacteria	Gammaproteobacteria	Enterobacterales	Enterobacteriaceae	Phytobacter	Phytobacter massiliensis	Bacteria;Proteobacteria;Gammaproteobacteria;Enterobacterales;Enterobacteriaceae;Phytobacter;Phytobacter massiliensis	R220
specI_v4_35707	1	Bacteria	Proteobacteria	Gammaproteobacteria	Enterobacterales	Enterobacteriaceae	Phytobacter	Phytobacter massiliensis	Bacteria;Proteobacteria;Gammaproteobacteria;Enterobacterales;Enterobacteriaceae;Phytobacter;Phytobacter massiliensis	R220
specI_v4_35762	1	Bacteria	Proteobacteria	Gammaproteobacteria	Enterobacterales	Enterobacteriaceae	Cronobacter	Cronobacter malonaticus	Bacteria;Proteobacteria;Gammaproteobacteria;Enterobacterales;Enterobacteriaceae;Cronobacter;Cronobacter malonaticus	R220
specI_v4_35781	1	Bacteria	Firmicutes	Bacilli	Bacillales	Bacillaceae	Bacillus	Bacillus subtilis	Bacteria;Firmicutes;Bacilli;Bacillales;Bacillaceae;Bacillus;Bacillus subtilis	R220
specI_v4_35873	1	Bacteria	Firmicutes	Bacilli	Lactobacillales	Lactobacillaceae	Ligilactobacillus	Ligilactobacillus salitolerans	Bacteria;Firmicutes;Bacilli;Lactobacillales;Lactobacillaceae;Ligilactobacillus;Ligilactobacillus salitolerans	R220
specI_v4_36032	1	Bacteria	Bacteroidota	Bacteroidia	Flavobacteriales	Weeksellaceae	Chryseobacterium	Chryseobacterium sp003729935	Bacteria;Bacteroidota;Bacteroidia;Flavobacteriales;Weeksellaceae;Chryseobacterium;Chryseobacterium sp003729935	R220
specI_v4_36054	1	Bacteria	Proteobacteria	Gammaproteobacteria	Enterobacterales	Enterobacteriaceae	Serratia	Serratia ureilytica	Bacteria;Proteobacteria;Gammaproteobacteria;Enterobacterales;Enterobacteriaceae;Serratia;Serratia ureilytica	R220
specI_v4_36602	1	Bacteria	Bacteroidota	Bacteroidia	Flavobacteriales	Weeksellaceae	Epilithonimonas	Epilithonimonas bovis	Bacteria;Bacteroidota;Bacteroidia;Flavobacteriales;Weeksellaceae;Epilithonimonas;Epilithonimonas bovis	R220
specI_v4_36834	1	Bacteria	Proteobacteria	Gammaproteobacteria	Pseudomonadales	Moraxellaceae	Acinetobacter	Acinetobacter pittii	Bacteria;Proteobacteria;Gammaproteobacteria;Pseudomonadales;Moraxellaceae;Acinetobacter;Acinetobacter pittii	R220
specI_v4_38073	1	Bacteria	Firmicutes	Bacilli	Bacillales	Bacillaceae	Bacillus	Bacillus subtilis	Bacteria;Firmicutes;Bacilli;Bacillales;Bacillaceae;Bacillus;Bacillus subtilis	R220
specI_v4_38085	1	Bacteria	Proteobacteria	Gammaproteobacteria	Enterobacterales	Enterobacteriaceae	Klebsiella	Klebsiella aerogenes	Bacteria;Proteobacteria;Gammaproteobacteria;Enterobacterales;Enterobacteriaceae;Klebsiella;Klebsiella aerogenes	R220
specI_v4_38548	1	Bacteria	Proteobacteria	Gammaproteobacteria	Pseudomonadales	Moraxellaceae	Acinetobacter	Acinetobacter johnsonii	Bacteria;Proteobacteria;Gammaproteobacteria;Pseudomonadales;Moraxellaceae;Acinetobacter;Acinetobacter johnsonii	R220
specI_v4_00733	22	Bacteria	Firmicutes	Bacilli	Staphylococcales	Staphylococcaceae	Staphylococcus	Staphylococcus carnosus	Bacteria;Firmicutes;Bacilli;Staphylococcales;Staphylococcaceae;Staphylococcus;Staphylococcus carnosus	R220
specI_v4_02098	8	Bacteria	Proteobacteria	Alphaproteobacteria	Acetobacterales	Acetobacteraceae	Acetobacter	Acetobacter persici	Bacteria;Proteobacteria;Alphaproteobacteria;Acetobacterales;Acetobacteraceae;Acetobacter;Acetobacter persici	R220
specI_v4_05533	3	Bacteria	Proteobacteria	Alphaproteobacteria	Acetobacterales	Acetobacteraceae	Acetobacter	Acetobacter cibinongensis	Bacteria;Proteobacteria;Alphaproteobacteria;Acetobacterales;Acetobacteraceae;Acetobacter;Acetobacter cibinongensis	R220
specI_v4_06582	3	Bacteria	Firmicutes	Bacilli	Lactobacillales	Lactobacillaceae	Lapidilactobacillus	Lapidilactobacillus dextrinicus	Bacteria;Firmicutes;Bacilli;Lactobacillales;Lactobacillaceae;Lapidilactobacillus;Lapidilactobacillus dextrinicus	R220
